file,path,group,label,hit,peak_db,rms_db,cent,bw,zcr,dur,rms100_db,rms500_db,peak_db_z,rms_db_z,cent_z,bw_z,zcr_z,dur_z,rms100_db_z,rms500_db_z,anom,cluster,rr,type
V1_HIT01.wav,/mnt/data/DOL_BKL_SamplePrep_Candidates/Head/V1_HIT01.wav,Head,V1,1,-26.726496,-43.432846,347.06913431482724,1746.7078254369326,0.0030691964285714285,0.9613333333333334,-35.317368,-40.699272,0.71921563,0.13576348,-1.2081995163472108,-1.1735334117584177,0.0021061382028927933,-0.6744907594765999,0.85174716,-0.21003208,0.7580533030455238,0,1,Head
V1_HIT03.wav,/mnt/data/DOL_BKL_SamplePrep_Candidates/Head/V1_HIT03.wav,Head,V1,3,-29.594576,-44.43172,389.77777161286843,1923.5074795341893,0.0033392137096774194,0.9826666666666667,-37.04477,-41.65842,-1.382203,-3.019987,0.1407820026059795,0.4439121191844754,1.15164995733049,0.22483025315886507,-1.6301385,-1.9870499,1.5504132479987185,1,2,Head
V1_HIT07.wav,/mnt/data/DOL_BKL_SamplePrep_Candidates/Head/V1_HIT07.wav,Head,V1,7,-26.84858,-43.29152,388.33918110292785,1879.6577143500542,0.0032049950132978723,0.9933333333333333,-35.919807,-40.432213,0.6297659,0.5822584,0.09534313744836193,0.04275405644890429,0.5802410748971178,0.6744907594765952,-0.013822722,0.28474972,0.44992209880225476,2,3,Head
V1_HIT02.wav,/mnt/data/DOL_BKL_SamplePrep_Candidates/Head/V1_HIT02.wav,Head,V1,2,-28.739494,-42.717186,309.78857773621087,1653.4895739164226,0.002733313519021739,0.972,-37.059814,-40.011486,-0.75569177,2.3967526,-2.385731393327721,-2.026337367139566,-1.4278472375289266,-0.22483025315886973,-1.6517551,1.0642318,1.6607013142441955,3,4,Head
V1_HIT05.wav,/mnt/data/DOL_BKL_SamplePrep_Candidates/Head/V1_HIT05.wav,Head,V1,5,-28.531586,-43.51879,382.6078100874219,1922.9632008473386,0.0028881316489361704,0.9933333333333333,-35.90057,-40.644356,-0.6033588,-0.13576348,-0.08568613595662439,0.43893280441076055,-0.7687404440560727,0.6744907594765952,0.013817241,-0.108288296,0.4528099222028952,4,5,Head
V2_HIT03.wav,/mnt/data/DOL_BKL_SamplePrep_Candidates/Head/V2_HIT03.wav,Head,V2,3,-11.8605795,-28.326063,381.3524494773413,1831.6269535571364,0.0030924479166666665,0.9826666666666667,-20.578152,-25.507593,1.2512038,0.08384759,0.6744907594765952,0.3652591437500657,1.1562698733884489,0.0,0.60679066,0.12044435,0.6964692278709284,0,1,Head
V2_HIT05.wav,/mnt/data/DOL_BKL_SamplePrep_Candidates/Head/V2_HIT05.wav,Head,V2,5,-14.460678,-29.612589,364.4254086817227,1813.4993137819997,0.0029084578804347825,0.972,-22.21643,-26.909792,-0.6744908,-0.9139477,-0.12223535379299136,0.0,0.312109078142896,-0.0543535983135661,-0.6744908,-1.6607946,0.759829153604135,1,2,Head
V2_HIT01.wav,/mnt/data/DOL_BKL_SamplePrep_Candidates/Head/V2_HIT01.wav,Head,V2,1,-17.137388,-30.994576,341.9137300581677,1725.8589893785831,0.0028404317876344087,0.9826666666666667,-26.193375,-28.36824,-2.6569257,-1.98578,-1.1818205718756143,-1.7658906645682477,0.0,0.0,-3.7848186,-3.5134885,2.2963857383776496,2,3,Head
V2_HIT06.wav,/mnt/data/DOL_BKL_SamplePrep_Candidates/Head/V2_HIT06.wav,Head,V2,6,-13.385551,-27.564507,311.9706728599277,1625.9068999782312,0.0026934223790322583,0.9826666666666667,-22.532846,-24.82843,0.12177344,0.67449075,-2.5911877417791493,-3.7798547019867534,-0.6744907594765952,0.0,-0.92195636,0.98319757,1.722750012649239,3,4,Head
V2_HIT02.wav,/mnt/data/DOL_BKL_SamplePrep_Candidates/Head/V2_HIT02.wav,Head,V2,2,-13.549972,-28.434174,367.0223899854103,1846.9739734275267,0.0027564264112903227,0.9826666666666667,-20.846142,-25.602407,0.0,0.0,0.0,0.6744907594765952,-0.385423291129483,0.0,0.3971983,0.0,0.30847515585495966,4,5,Head
V3_HIT06.wav,/mnt/data/DOL_BKL_SamplePrep_Candidates/Head/V3_HIT06.wav,Head,V3,6,-7.8834987,-24.943134,238.05183932795512,1283.121856539525,0.0030252207880434785,0.972,-16.71922,-22.1804,0.62572587,-0.59006166,-0.5948116734261814,-0.33333719122786604,0.6319595454463827,0.0,0.68235886,-1.4942691,0.733352490482491,0,1,Head
V3_HIT07.wav,/mnt/data/DOL_BKL_SamplePrep_Candidates/Head/V3_HIT07.wav,Head,V3,7,-7.8151774,-23.93087,243.26143344445376,1268.4298295375133,0.002595320991847826,0.972,-19.01003,-21.18729,0.7232557,0.50393814,-0.4224248823578235,-0.4322629566752267,-1.2262678602736554,0.0,-6.1161256,-0.03633659,2.23758780793985,1,2,Head
V3_HIT02.wav,/mnt/data/DOL_BKL_SamplePrep_Candidates/Head/V3_HIT02.wav,Head,V3,2,-8.8575735,-23.616917,277.24839475256266,1468.7747327287952,0.0026908542798913045,0.972,-16.724522,-20.77018,-0.76478416,0.84324175,0.7022122903375221,0.9167185622779637,-0.813328436780313,0.0,0.66662276,0.57600087,0.7130123225809072,2,3,Head
V3_HIT05.wav,/mnt/data/DOL_BKL_SamplePrep_Candidates/Head/V3_HIT05.wav,Head,V3,5,-8.700712,-23.74734,301.8433317122057,1561.3883758408729,0.0028390786082474226,1.0253333333333334,-19.149273,-20.672012,-0.5408617,0.70228815,1.5160649944424278,1.5403136274433435,-0.17263376424683055,3.3724537973829865,-6.529357,0.72011524,2.738865542526115,3,4,Head
V3_HIT04.wav,/mnt/data/DOL_BKL_SamplePrep_Candidates/Head/V3_HIT04.wav,Head,V3,4,-7.983086,-23.79878,268.79311331569517,1366.3597899584606,0.003044899929775281,0.94,-16.953077,-21.137787,0.48356295,0.64669335,0.4224248823578235,0.22712844612749716,0.7170219735068077,-2.0234722784297894,-0.011666237,0.03633659,0.8285599365057282,4,5,Head
V4_HIT03.wav,/mnt/data/DOL_BKL_SamplePrep_Candidates/Head/V4_HIT03.wav,Head,V4,3,-7.955217,-22.52487,281.7861090041972,1359.3874342230529,0.003110139266304348,0.972,-14.864713,-19.754711,-0.37710667,-0.42063668,0.08176796992073956,0.0022358513577929724,0.6481126375122535,-0.6744907594765952,0.95282346,-0.21339896,0.5189213714093881,0,1,Head
V4_HIT07.wav,/mnt/data/DOL_BKL_SamplePrep_Candidates/Head/V4_HIT07.wav,Head,V4,7,-6.628041,-22.245182,209.16522724221429,1184.2349511770458,0.0028908469460227275,0.9293333333333333,-14.536449,-19.686249,2.901061,0.14728035,-1.1297785810371384,-0.7686127708474224,-0.20938680355659178,-6.070416835289273,1.5828185,-0.08813743,2.4927870331542503,1,2,Head
V4_HIT02.wav,/mnt/data/DOL_BKL_SamplePrep_Candidates/Head/V4_HIT02.wav,Head,V4,2,-7.9513655,-22.034092,241.61363380138118,1227.007821299647,0.002745925739247312,0.9826666666666667,-15.501441,-19.299232,-0.36759353,0.57590693,-0.5884362825549146,-0.580368748105768,-0.7760726485025112,0.6744907594765812,-0.26917034,0.6199632,0.5770520511205114,2,3,Head
V4_HIT05.wav,/mnt/data/DOL_BKL_SamplePrep_Candidates/Head/V4_HIT05.wav,Head,V4,5,-7.4090776,-21.333448,271.983659282663,1376.0262926051141,0.002703923051075269,0.9826666666666667,-15.35988,-18.500832,0.9718749,1.9985906,-0.08176796992073956,0.07546370879850427,-0.9403158905123618,0.6744907594765812,0.002509299,2.0807498,1.1521688047102951,3,4,Head
V4_HIT04.wav,/mnt/data/DOL_BKL_SamplePrep_Candidates/Head/V4_HIT04.wav,Head,V4,4,-7.754447,-22.39025,282.4528915529425,1358.3713724289257,0.00299794186827957,0.9826666666666667,-15.362495,-19.589903,0.11880147,-0.14728422,0.09289201685560013,-0.002235851357791972,0.20938680355659178,0.6744907594765812,-0.002509299,0.08814093,0.2624395394181567,4,5,Head
V5_HIT01.wav,/mnt/data/DOL_BKL_SamplePrep_Candidates/Head/V5_HIT01.wav,Head,V5,1,-6.056857,-21.22485,284.9456295386238,1262.4006029324223,0.0036512586805555556,0.9506666666666667,-14.474321,-18.611729,4.92913,-1.2708154,0.0,0.0,3.5217077429918384,-1.0117361392148947,-2.1902406,-5.836922,3.1265825015527633,0,1,Head
V5_HIT03.wav,/mnt/data/DOL_BKL_SamplePrep_Candidates/Head/V5_HIT03.wav,Head,V5,3,-6.4589353,-19.086462,285.78253717596965,1371.2281077347143,0.00286143313172043,0.9826666666666667,-13.173384,-16.230371,0.62030464,0.70507383,0.02196265732372466,1.1161351707244103,0.17782660600000852,0.0,0.67449075,0.0,0.571697813725085,1,2,Head
V5_HIT05.wav,/mnt/data/DOL_BKL_SamplePrep_Candidates/Head/V5_HIT05.wav,Head,V5,5,-6.735688,-19.924692,259.04773611568515,1227.5098766230503,0.002918956043956044,0.9613333333333334,-13.409071,-17.24172,-2.3454874,-0.069458224,-0.6796288303189277,-0.3578393792705005,0.42136111998628406,-0.6744907594765952,0.15549535,-2.4789073,1.2697304477965914,2,3,Head
V5_HIT02.wav,/mnt/data/DOL_BKL_SamplePrep_Candidates/Head/V5_HIT02.wav,Head,V5,2,-6.579759,-19.145338,302.3663222972054,1407.2967616780818,0.0026601155598958335,1.0146666666666666,-15.888829,-16.208494,-0.67449075,0.65067184,0.4571647913406535,1.486055378855768,-0.6744907594765952,1.0117361392148911,-5.3050594,0.053623214,2.0285694126544462,3,4,Head
V5_HIT04.wav,/mnt/data/DOL_BKL_SamplePrep_Candidates/Head/V5_HIT04.wav,Head,V5,4,-6.542687,-18.798557,246.91577385851073,1196.6351398493089,0.002625168010752688,0.9826666666666667,-13.041653,-15.9792595,-0.2772109,0.9711004,-0.9980034248723887,-0.6744907594765952,-0.8224480527500413,0.0,0.9645693,0.6154982,0.7463647846852117,4,5,Head
V6_HIT01.wav,/mnt/data/DOL_BKL_SamplePrep_Candidates/Head/V6_HIT01.wav,Head,V6,1,-6.0782976,-17.961437,287.24215677881097,1317.3834799171354,0.0030907164228723403,0.9933333333333333,-12.074982,-15.121493,0.0,-0.29483083,-0.6744907594765952,0.0,0.0,0.05430015139097209,-0.6623632,-0.86395353,0.4650204493652784,0,1,Head
V6_HIT03.wav,/mnt/data/DOL_BKL_SamplePrep_Candidates/Head/V6_HIT03.wav,Head,V6,3,-6.0028257,-17.827847,316.6267663736458,1302.6223810035422,0.0034074680779569893,0.9826666666666667,-12.884851,-15.024629,2.2422485,0.0,1.196515856797047,-0.24850118821255104,1.3873910398954539,0.0,-4.535589,-0.67449075,1.9193893121247565,1,2,Head
V6_HIT04.wav,/mnt/data/DOL_BKL_SamplePrep_Candidates/Head/V6_HIT04.wav,Head,V6,4,-6.066547,-17.137568,301.6869529408139,1357.44857935812,0.0032447076612903227,0.9826666666666667,-11.138386,-14.291677,0.34910998,1.5234259,0.24525292820480396,0.6744907594765952,0.6744907594765952,0.0,3.8169346,0.7591269,1.5230722367365261,2,3,Head
V6_HIT06.wav,/mnt/data/DOL_BKL_SamplePrep_Candidates/Head/V6_HIT06.wav,Head,V6,6,-6.1895537,-17.529009,297.8351966270702,1328.3025955602427,0.0029244371639784946,0.9826666666666667,-11.936485,-14.669712,-3.3053885,0.65952617,0.0,0.18382189750409872,-0.7283130181218058,0.0,0.0,0.0197092,1.2209210650785625,3,4,Head
V6_HIT05.wav,/mnt/data/DOL_BKL_SamplePrep_Candidates/Head/V6_HIT05.wav,Head,V6,5,-6.1029077,-18.133465,264.92921994589597,1164.0892409107562,0.0028599330357142855,0.9613333333333334,-11.795453,-15.542249,-0.73115754,-0.6744908,-2.0952226670469485,-2.5806886575459496,-1.0108449264905712,-0.10860030278194474,0.6744908,-1.6869311,1.4306343554787095,4,5,Head
V7_HIT04.wav,/mnt/data/DOL_BKL_SamplePrep_Candidates/Head/V7_HIT04.wav,Head,V7,4,-6.0052323,-16.151405,277.8868631195086,1224.0337887178557,0.0024154338430851063,0.9933333333333333,-12.181459,-13.420952,0.6337241,2.030965,-2.1428180194844946,0.0,-4.059501565679612,0.6744907594765882,0.0,0.17965718,1.8057153022704402,0,1,Head
V7_HIT03.wav,/mnt/data/DOL_BKL_SamplePrep_Candidates/Head/V7_HIT03.wav,Head,V7,3,-6.163872,-17.66206,330.0638502603822,1303.4743340718665,0.0035062749335106383,0.9933333333333333,-14.009207,-14.901891,-1.3074096,0.0,1.9939674976489115,2.9848516576607125,3.812347741285117,0.6744907594765882,-0.74181074,-0.8354003,1.9631503905488525,1,2,Head
V7_HIT02.wav,/mnt/data/DOL_BKL_SamplePrep_Candidates/Head/V7_HIT02.wav,Head,V7,2,-6.193536,-17.90779,313.42138220997043,1241.98507069582,0.0031525985054347825,0.972,-13.843337,-15.287283,-1.6703829,-0.3303654,0.6744907594765952,0.6744907594765952,1.2601084007661174,-0.6744907594765952,-0.67449075,-1.0995538,0.9692756944907659,2,3,Head
V7_HIT01.wav,/mnt/data/DOL_BKL_SamplePrep_Candidates/Head/V7_HIT01.wav,Head,V7,1,-6.0019007,-16.22878,260.31170091089564,1098.153918719004,0.002977979052197802,0.9613333333333334,-11.343847,-13.577747,0.67449075,1.9269395,-3.5362422179642503,-4.729735136608272,0.0,-1.3489815189531833,0.3399538,0.072187215,2.263403628975431,3,4,Head
V7_HIT05.wav,/mnt/data/DOL_BKL_SamplePrep_Candidates/Head/V7_HIT05.wav,Head,V7,5,-6.0570235,-15.349518,302.14693315492616,1212.497717991622,0.002951388888888889,0.9506666666666667,-10.490595,-12.699004,0.0,3.1090446,-0.2193894762419106,-0.4334494391578513,-0.1918829061836084,-2.0234722784297787,0.6862554,0.6744908,1.3674479559911588,4,5,Head
V8_HIT06.wav,/mnt/data/DOL_BKL_SamplePrep_Candidates/Head/V8_HIT06.wav,Head,V8,6,-6.028185,-15.314842,430.04323256094466,1348.9184385835242,0.003869888630319149,0.9933333333333333,-13.265593,-12.744284,0.67449075,-0.6744908,-0.03076791841146757,-0.6744907594765952,4.244750421113535,0.6744907594765882,0.0,-0.71110165,1.5946892151612613,0,1,Head
V8_HIT05.wav,/mnt/data/DOL_BKL_SamplePrep_Candidates/Head/V8_HIT05.wav,Head,V8,5,-6.142969,-15.233073,491.4062593022968,1516.426394735926,0.0034547211021505376,0.9826666666666667,-13.273041,-12.64974,-23.836895,0.0,10.274881333394971,0.473885650641305,-0.4122576792756756,0.0,-0.005290044,-0.30416673,9.180535296283448,1,2,Head
V8_HIT01.wav,/mnt/data/DOL_BKL_SamplePrep_Candidates/Head/V8_HIT01.wav,Head,V8,1,-6.077094,-14.761986,426.39567659396295,1314.6856910077645,0.003439670138888889,0.9506666666666667,-12.315933,-12.255782,-9.76973,3.885876,-0.6433588289037503,-0.9091785956397705,-0.5810870145980958,-2.0234722784297787,0.67449075,1.3915116,3.850511478157412,2,3,Head
V8_HIT03.wav,/mnt/data/DOL_BKL_SamplePrep_Candidates/Head/V8_HIT03.wav,Head,V8,3,-6.0329347,-15.313859,485.40831294056346,1447.3030514753948,0.0035516036184210526,1.004,-15.50706,-12.735778,-0.33979103,-0.6663803,9.267552739652102,0.0,0.6744907594765952,1.3489815189531833,-1.591991,-0.6744908,3.3858366109351956,3,4,Head
V8_HIT02.wav,/mnt/data/DOL_BKL_SamplePrep_Candidates/Head/V8_HIT02.wav,Head,V8,2,-6.028858,-14.962197,426.2103074394755,1346.7696724418124,0.003491473454301075,0.9826666666666667,-15.176266,-12.521024,0.53071344,2.234384,-0.6744907594765952,-0.689221954368358,0.0,0.0,-1.357046,0.24985595,1.0067332959186863,4,5,Head
V9_HIT04.wav,/mnt/data/DOL_BKL_SamplePrep_Candidates/Head/V9_HIT04.wav,Head,V9,4,-6.1208572,-13.699198,661.5313232192336,1626.95437758796,0.004758144946808511,0.9933333333333333,-13.064867,-11.787321,-2.107967,0.8571744,-0.9004711290926173,-0.9442781886595298,-0.6744907594765952,0.6744907594765953,-0.6744908,0.6744908,1.0428646316158574,0,1,Head
V9_HIT05.wav,/mnt/data/DOL_BKL_SamplePrep_Candidates/Head/V9_HIT05.wav,Head,V9,5,-6.0495663,-13.818094,704.3459387019216,1664.233160274524,0.005423597110215054,0.9826666666666667,-12.503695,-12.04102,0.41099912,0.29259905,0.0,0.0,0.306920651182656,0.0,0.0,-0.6149073,0.3014228288276547,1,2,Head
V9_HIT03.wav,/mnt/data/DOL_BKL_SamplePrep_Candidates/Head/V9_HIT03.wav,Head,V9,3,-6.042109,-13.899427,736.4158869552501,1692.8179301364125,0.005215487637362637,0.9613333333333334,-11.711989,-11.9200325,0.67449075,-0.09360833,0.6744907594765952,0.7240572991714704,0.0,-1.3489815189531975,0.9515752,0.0,0.7218157318107921,2,3,Head
V9_HIT01.wav,/mnt/data/DOL_BKL_SamplePrep_Candidates/Head/V9_HIT01.wav,Head,V9,1,-6.012793,-14.021758,696.547873448347,1637.605208100475,0.0064054099462365595,0.9826666666666667,-13.862614,-11.981407,1.7103285,-0.67449075,-0.1640078404175677,-0.6744907594765952,1.7549019988885757,0.0,-1.6333275,-0.31192982,1.1015181250334156,3,4,Head
V9_HIT06.wav,/mnt/data/DOL_BKL_SamplePrep_Candidates/Head/V9_HIT06.wav,Head,V9,6,-6.0668874,-13.654366,765.758897720402,1766.684362972722,0.0057176159274193545,0.9826666666666667,-11.967625,-11.483427,-0.20101789,1.0700585,1.2916289431736343,2.595107166541485,0.740540733918118,0.0,0.6443192,2.218998,1.390854941820241,4,5,Head
EdgeV2_HIT03.wav,/mnt/data/DOL_BKL_SamplePrep_Candidates/Edge/EdgeV2_HIT03.wav,Edge,EdgeV2,3,-6.165378,-28.114937,1248.5088174839768,2126.7679002816676,0.01705309139784946,0.9826666666666667,-19.66976,-25.217693,0.69396037,0.68330634,-0.6744907594765952,-0.35261323922449794,-0.5007017238431545,0.0,0.7138358,0.6744908,0.5855514542740035,0,1,Edge
EdgeV1_HIT04.wav,/mnt/data/DOL_BKL_SamplePrep_Candidates/Edge/EdgeV1_HIT04.wav,Edge,EdgeV1,4,-6.6977882,-31.434061,1691.8747267540339,2600.125770987944,0.03566011469414894,0.9933333333333333,-22.077545,-28.456268,-0.054100763,-0.4697832,2.0231698609694395,1.1515502858869227,8.071621606871284,0.6744907594765953,-0.5209823,-0.5706807,2.996790359401931,1,2,Edge
EdgeV1_HIT05.wav,/mnt/data/DOL_BKL_SamplePrep_Candidates/Edge/EdgeV1_HIT05.wav,Edge,EdgeV1,5,-7.965548,-30.717611,1277.7804832945308,2211.2454011987274,0.01667586616847826,0.972,-21.82433,-27.851494,-1.8353626,-0.22088298,-0.49638725963378294,-0.08417368548386735,-0.6744907594765952,-0.6744907594766023,-0.39112213,-0.3381562,0.7784626119639864,2,3,Edge
EdgeV3_HIT02.wav,/mnt/data/DOL_BKL_SamplePrep_Candidates/Edge/EdgeV3_HIT02.wav,Edge,EdgeV3,2,-6.3817,-27.797638,1452.037500303235,2133.4190848983644,0.023681640625,0.9933333333333333,-19.400898,-24.852215,0.39001793,0.79353845,0.5638798533580814,-0.33147813211348637,2.553095021818596,0.6744907594765953,0.8517199,0.8150104,1.093878206836583,3,4,Edge
EdgeV3_HIT04.wav,/mnt/data/DOL_BKL_SamplePrep_Candidates/Edge/EdgeV3_HIT04.wav,Edge,EdgeV3,4,-6.4457264,-26.836702,1336.704609405942,2025.473556235223,0.019058890964673912,0.972,-18.676584,-23.997623,0.3000579,1.1273749,-0.13786331523162565,-0.6744907594765952,0.42337743431245084,-0.6744907594766023,1.2231798,1.1435848,0.8118724045045749,4,5,Edge
